{"name":"02aad087-f65f-462f-bd00-8667f7b2d883","id":"/providers/Microsoft.Flow/flows/02aad087-f65f-462f-bd00-8667f7b2d883","type":"Microsoft.Flow/flows","properties":{"apiId":"/providers/Microsoft.PowerApps/apis/shared_logicflows","displayName":"Mike Dev- Convert PDF to Word - 2","definition":{"metadata":{"workflowEntityId":null,"processAdvisorMetadata":null,"flowChargedByPaygo":null,"flowclientsuspensionreason":"None","flowclientsuspensiontime":null,"flowclientsuspensionreasondetails":null,"creator":{"id":"981dffe4-d5c6-4fc1-8109-5a12ea39a4af","type":"User","tenantId":"bfaa46b4-822d-4bd6-82f2-397bbc569c94"},"provisioningMethod":"FromDefinition","failureAlertSubscription":true,"clientLastModifiedTime":"2023-08-13T15:19:04.169235Z"},"$schema":"https://schema.management.azure.com/providers/Microsoft.Logic/schemas/2016-06-01/workflowdefinition.json#","contentVersion":"1.0.0.0","parameters":{"$connections":{"defaultValue":{},"type":"Object"},"$authentication":{"defaultValue":{},"type":"SecureObject"}},"triggers":{"When_a_new_email_arrives":{"splitOn":"@triggerOutputs()?['body/value']","metadata":{"operationMetadataId":"8ac04f52-f355-4c65-896b-b604dc680746"},"type":"OpenApiConnectionNotification","inputs":{"host":{"apiId":"/providers/Microsoft.PowerApps/apis/shared_office365","connectionName":"shared_office365_2","operationId":"OnNewEmailV3"},"parameters":{"folderPath":"Inbox","includeAttachments":true,"subjectFilter":"Convert PDF","importance":"Any","fetchOnlyWithAttachment":true},"authentication":"@parameters('$authentication')"}}},"actions":{"Get_senders_details":{"runAfter":{},"metadata":{"operationMetadataId":"9f1555e0-dc83-499e-81d6-8b8499abd747"},"type":"OpenApiConnection","inputs":{"host":{"apiId":"/providers/Microsoft.PowerApps/apis/shared_office365users","connectionName":"shared_office365users","operationId":"UserProfile_V2"},"parameters":{"id":"@triggerOutputs()?['body/from']"},"authentication":"@parameters('$authentication')"}},"Apply_to_each_3":{"foreach":"@triggerOutputs()?['body/attachments']","actions":{"Check_Attachment_is_PDF":{"actions":{"Convert_PDF_to_Word":{"runAfter":{},"metadata":{"operationMetadataId":"ef5f6d5a-61f3-4ec9-a149-0ce81e4c0831"},"type":"OpenApiConnection","inputs":{"host":{"apiId":"/providers/Microsoft.PowerApps/apis/shared_encodiandocumentmanager","connectionName":"shared_encodiandocumentmanager_1","operationId":"ConvertPdfToWord"},"parameters":{"operation/outputFilename":"@items('Apply_to_each_3')?['name']","operation/fileContent":"@items('Apply_to_each_3')?['ContentBytes']","operation/mode":"Full","operation/recognizeBullets":true},"authentication":"@parameters('$authentication')"}},"Delete_email":{"runAfter":{"Convert_PDF_to_Word":["Succeeded"]},"metadata":{"operationMetadataId":"d7ea520c-7b31-4023-aba7-33a0eb57cecf"},"type":"OpenApiConnection","inputs":{"host":{"apiId":"/providers/Microsoft.PowerApps/apis/shared_office365","connectionName":"shared_office365_2","operationId":"DeleteEmail_V2"},"parameters":{"messageId":"@triggerOutputs()?['body/id']"},"authentication":"@parameters('$authentication')"}},"Create_Log_of_conversions":{"runAfter":{"Send_an_email_with_converted_file":["Succeeded"]},"metadata":{"operationMetadataId":"a0ee480d-b76b-4f6f-a9cd-1da6e74988e7"},"type":"OpenApiConnection","inputs":{"host":{"apiId":"/providers/Microsoft.PowerApps/apis/shared_sharepointonline","connectionName":"shared_sharepointonline_1","operationId":"PostItem"},"parameters":{"dataset":"https://7rp1hs.sharepoint.com/sites/MikeTest","table":"c8e18c69-fce2-45b4-99c2-8a9042276d25","item/Title":"@outputs('Get_senders_details')?['body/displayName']"},"authentication":"@parameters('$authentication')"}},"Send_an_email_with_converted_file":{"runAfter":{"Delete_email":["Succeeded"]},"metadata":{"operationMetadataId":"9244eda1-ab3a-4b4e-910a-fc7e7be21cd6"},"type":"OpenApiConnection","inputs":{"host":{"apiId":"/providers/Microsoft.PowerApps/apis/shared_office365","connectionName":"shared_office365_2","operationId":"SendEmailV2"},"parameters":{"emailMessage/To":"@triggerOutputs()?['body/from']","emailMessage/Subject":"Convert My PDF 📄","emailMessage/Body":"<p>Hi @{outputs('Get_senders_details')?['body/givenName']},<br>\n<br>\nAttached is your converted PDF file. 🥳</p>","emailMessage/Attachments":[{"Name":"@{outputs('Convert_PDF_to_Word')?['body/Filename']}.docx","ContentBytes":"@outputs('Convert_PDF_to_Word')?['body/FileContent']"}],"emailMessage/Importance":"Normal"},"authentication":"@parameters('$authentication')"}}},"runAfter":{},"else":{"actions":{"Send_an_email_invalid_attachment":{"runAfter":{},"metadata":{"operationMetadataId":"9244eda1-ab3a-4b4e-910a-fc7e7be21cd6"},"type":"OpenApiConnection","inputs":{"host":{"apiId":"/providers/Microsoft.PowerApps/apis/shared_office365","connectionName":"shared_office365_2","operationId":"SendEmailV2"},"parameters":{"emailMessage/To":"@triggerOutputs()?['body/from']","emailMessage/Subject":"Convert My PDF 📄","emailMessage/Body":"<p>Hi @{outputs('Get_senders_details')?['body/givenName']},<br>\n<br>\n<u><strong>Where's my PDF?</strong></u><br>\n<br>\nConvert My PDF only works with Word documents ( for the moment 😉 ) &nbsp;<br>\n<br>\nSometimes there can be hidden images or email signatures as an attachment in an email. These files won't be converted and this is why you are receiving this message.<br>\n<br>\nIf you have sent me a PDF to convert, keep an eye on your inbox. 🙌<br>\n</p>","emailMessage/From":"convertmypdf@triplepoint.co.uk","emailMessage/Importance":"Normal"},"authentication":"@parameters('$authentication')"}}}},"expression":{"contains":["@items('Apply_to_each_3')?['contentType']","application/pdf"]},"metadata":{"operationMetadataId":"ab6a94c1-955e-4100-b0d6-575e409ce3c0"},"type":"If"}},"runAfter":{"Get_senders_details":["Succeeded"]},"metadata":{"operationMetadataId":"8dabb4c3-1202-4757-9ff5-aecf5f1c1612"},"type":"Foreach"}},"outputs":{}},"connectionReferences":{"shared_office365users":{"connectionName":"7f2b7a43eb1948e2a78025a50d502052","source":"Embedded","id":"/providers/Microsoft.PowerApps/apis/shared_office365users","tier":"NotSpecified"},"shared_encodiandocumentmanager_1":{"connectionName":"95d639674c6a4bdf812b5878f5b4f8dc","source":"Embedded","id":"/providers/Microsoft.PowerApps/apis/shared_encodiandocumentmanager","tier":"NotSpecified"},"shared_office365_2":{"connectionName":"3dce0824000a424ab6e2bd51f8b933a7","source":"Embedded","id":"/providers/Microsoft.PowerApps/apis/shared_office365","tier":"NotSpecified"},"shared_sharepointonline_1":{"connectionName":"1e419eb755f3446f8790be28fddce7d7","source":"Embedded","id":"/providers/Microsoft.PowerApps/apis/shared_sharepointonline","tier":"NotSpecified"}},"flowFailureAlertSubscribed":false,"isManaged":false}}